Params,Total Accuracy,Accuracy per label,Max val list,Max str list,Label str,Matrice
"['smooth(5)', 'ALS(10, 0.001)', 'PCA(5)', 'KNN(8)', 'Normalized', 'FingerPrint']",0.2930622009569378,"[67.0, 11.0, 4.0, 57.0, 8.0, 10.0, 33.0, 64.0]","[15.0, 71.0, 55.0, 35.0, 66.0, 74.0, 33.0, 16.0]","['Thalamus', 'GPi', 'GPe', 'Caudate', 'GPe', 'GPi', 'Caudate', 'GPi']","['Caudate', 'GPe', 'GPi', 'Putamen', 'SN', 'STN', 'Thalamus', 'WM']","[[ 72   3   4  13   0   0  16   0]
 [  5  15 101   1   1  14   5   0]
 [  1  78   5   5   0  40  11   2]
 [ 38   1   3  62   1   0   3   0]
 [  0  40   7   8   5   1   0   0]
 [  0  17  78   0   0  11   0   0]
 [ 36  15  19   2   0   0  36   0]
 [  0   2  10  10   0   0   0  39]]"
"['smooth(5)', 'ALS(10, 0.001)', 'PCA(5)', 'KNN(8)', 'Normalized', 'No Raman Region']",0.13277511961722488,"[23.0, 14.0, 7.0, 30.0, 0.0, 9.0, 11.0, 3.0]","[24.0, 31.0, 35.0, 21.0, 39.0, 32.0, 32.0, 28.0]","['GPe', 'GPi', 'GPe', 'Caudate', 'GPe', 'GPe', 'Caudate', 'GPe']","['Caudate', 'GPe', 'GPi', 'Putamen', 'SN', 'STN', 'Thalamus', 'WM']","[[ 72   3   4  13   0   0  16   0]
 [  5  15 101   1   1  14   5   0]
 [  1  78   5   5   0  40  11   2]
 [ 38   1   3  62   1   0   3   0]
 [  0  40   7   8   5   1   0   0]
 [  0  17  78   0   0  11   0   0]
 [ 36  15  19   2   0   0  36   0]
 [  0   2  10  10   0   0   0  39]]"
"['smooth(5)', 'ALS(10, 0.001)', 'PCA(5)', 'KNN(8)', 'Normalized', 'High Wavenumbers']",0.3157894736842105,"[59.0, 19.0, 13.0, 54.0, 2.0, 10.0, 29.0, 87.0]","[17.0, 54.0, 47.0, 35.0, 43.0, 38.0, 33.0, 5.0]","['Thalamus', 'GPi', 'GPe', 'Caudate', 'GPe', 'GPe', 'Caudate', 'Caudate']","['Caudate', 'GPe', 'GPi', 'Putamen', 'SN', 'STN', 'Thalamus', 'WM']","[[ 72   3   4  13   0   0  16   0]
 [  5  15 101   1   1  14   5   0]
 [  1  78   5   5   0  40  11   2]
 [ 38   1   3  62   1   0   3   0]
 [  0  40   7   8   5   1   0   0]
 [  0  17  78   0   0  11   0   0]
 [ 36  15  19   2   0   0  36   0]
 [  0   2  10  10   0   0   0  39]]"
"['smooth(5)', 'ALS(10, 0.001)', 'PCA(5)', 'KNN(8)', 'Not Normalized', 'FingerPrint']",0.26555023923444976,"[53.0, 4.0, 11.0, 70.0, 18.0, 4.0, 14.0, 62.0]","[26.0, 56.0, 53.0, 16.0, 33.0, 44.0, 44.0, 28.0]","['Thalamus', 'GPi', 'GPe', 'Caudate', 'STN', 'GPi', 'Caudate', 'GPi']","['Caudate', 'GPe', 'GPi', 'Putamen', 'SN', 'STN', 'Thalamus', 'WM']","[[57  0  6 10  0  7 28  0]
 [ 0  6 80  5 14 28  9  0]
 [ 9 75 15  6  3 27  7  0]
 [17  4  7 76  0  0  3  1]
 [ 0 18 12  0 11 20  0  0]
 [11 22 47  0 17  4  5  0]
 [48 19 17  5  0  2 15  2]
 [ 0  0 17  4  0  0  2 38]]"
"['smooth(5)', 'ALS(10, 0.001)', 'PCA(5)', 'KNN(8)', 'Not Normalized', 'No Raman Region']",0.1590909090909091,"[35.0, 15.0, 8.0, 51.0, 0.0, 4.0, 2.0, 0.0]","[21.0, 36.0, 39.0, 21.0, 36.0, 39.0, 30.0, 26.0]","['GPi', 'GPi', 'GPe', 'Thalamus', 'WM', 'GPe', 'Caudate', 'SN']","['Caudate', 'GPe', 'GPi', 'Putamen', 'SN', 'STN', 'Thalamus', 'WM']","[[57  0  6 10  0  7 28  0]
 [ 0  6 80  5 14 28  9  0]
 [ 9 75 15  6  3 27  7  0]
 [17  4  7 76  0  0  3  1]
 [ 0 18 12  0 11 20  0  0]
 [11 22 47  0 17  4  5  0]
 [48 19 17  5  0  2 15  2]
 [ 0  0 17  4  0  0  2 38]]"
"['smooth(5)', 'ALS(10, 0.001)', 'PCA(5)', 'KNN(8)', 'Not Normalized', 'High Wavenumbers']",0.2703349282296651,"[56.0, 27.0, 11.0, 34.0, 0.0, 0.0, 18.0, 92.0]","[23.0, 56.0, 59.0, 35.0, 43.0, 44.0, 40.0, 5.0]","['Thalamus', 'GPi', 'GPe', 'Thalamus', 'GPe', 'GPi', 'Caudate', 'Putamen']","['Caudate', 'GPe', 'GPi', 'Putamen', 'SN', 'STN', 'Thalamus', 'WM']","[[57  0  6 10  0  7 28  0]
 [ 0  6 80  5 14 28  9  0]
 [ 9 75 15  6  3 27  7  0]
 [17  4  7 76  0  0  3  1]
 [ 0 18 12  0 11 20  0  0]
 [11 22 47  0 17  4  5  0]
 [48 19 17  5  0  2 15  2]
 [ 0  0 17  4  0  0  2 38]]"
"['smooth(5)', 'ALS(10, 0.001)', 'UMAAP(4, 15, 0.5)', 'KNN(8)', 'Normalized', 'FingerPrint']",0.3026315789473684,"[64.0, 8.0, 7.0, 68.0, 2.0, 9.0, 36.0, 64.0]","[18.0, 73.0, 48.0, 26.0, 56.0, 61.0, 30.0, 15.0]","['Putamen', 'GPi', 'GPe', 'Caudate', 'GPe', 'GPi', 'Caudate', 'GPi']","['Caudate', 'GPe', 'GPi', 'Putamen', 'SN', 'STN', 'Thalamus', 'WM']","[[ 69   6   1  19   0   0  13   0]
 [  4  12 104   0   1  12   9   0]
 [  1  68  10   4   2  34  19   4]
 [ 28   1   5  73   0   0   1   0]
 [  0  34  15   8   1   0   3   0]
 [  0  31  65   0   0  10   0   0]
 [ 32  19  13   4   0   1  39   0]
 [  4   0   9   7   2   0   0  39]]"
"['smooth(5)', 'ALS(10, 0.001)', 'UMAAP(4, 15, 0.5)', 'KNN(8)', 'Normalized', 'No Raman Region']",0.09330143540669857,"[23.0, 7.0, 6.0, 21.0, 3.0, 3.0, 5.0, 2.0]","[24.0, 26.0, 26.0, 42.0, 41.0, 35.0, 47.0, 30.0]","['Putamen', 'GPi', 'Caudate', 'Caudate', 'Caudate', 'GPe', 'Caudate', 'GPe']","['Caudate', 'GPe', 'GPi', 'Putamen', 'SN', 'STN', 'Thalamus', 'WM']","[[ 69   6   1  19   0   0  13   0]
 [  4  12 104   0   1  12   9   0]
 [  1  68  10   4   2  34  19   4]
 [ 28   1   5  73   0   0   1   0]
 [  0  34  15   8   1   0   3   0]
 [  0  31  65   0   0  10   0   0]
 [ 32  19  13   4   0   1  39   0]
 [  4   0   9   7   2   0   0  39]]"
"['smooth(5)', 'ALS(10, 0.001)', 'UMAAP(4, 15, 0.5)', 'KNN(8)', 'Normalized', 'High Wavenumbers']",0.2966507177033493,"[49.0, 13.0, 9.0, 56.0, 3.0, 18.0, 27.0, 89.0]","[28.0, 54.0, 46.0, 22.0, 38.0, 38.0, 28.0, 7.0]","['Putamen', 'GPi', 'GPe', 'Caudate', 'GPe', 'GPe', 'Caudate', 'Putamen']","['Caudate', 'GPe', 'GPi', 'Putamen', 'SN', 'STN', 'Thalamus', 'WM']","[[ 69   6   1  19   0   0  13   0]
 [  4  12 104   0   1  12   9   0]
 [  1  68  10   4   2  34  19   4]
 [ 28   1   5  73   0   0   1   0]
 [  0  34  15   8   1   0   3   0]
 [  0  31  65   0   0  10   0   0]
 [ 32  19  13   4   0   1  39   0]
 [  4   0   9   7   2   0   0  39]]"
"['smooth(5)', 'ALS(10, 0.001)', 'UMAAP(4, 15, 0.5)', 'KNN(8)', 'Not Normalized', 'FingerPrint']",0.25717703349282295,"[47.0, 11.0, 8.0, 69.0, 11.0, 6.0, 8.0, 67.0]","[29.0, 54.0, 51.0, 16.0, 39.0, 38.0, 47.0, 13.0]","['Thalamus', 'GPi', 'GPe', 'Caudate', 'GPe', 'GPi', 'Caudate', 'Putamen']","['Caudate', 'GPe', 'GPi', 'Putamen', 'SN', 'STN', 'Thalamus', 'WM']","[[51  0  5 12  0  9 31  0]
 [ 0 15 76  4 18 21  8  0]
 [10 73 11  6  7 28  7  0]
 [17  5  9 75  0  0  2  0]
 [ 1 24  9  0  7 20  0  0]
 [ 2 20 40  0 26  6 12  0]
 [51 17 17  6  0  6  9  2]
 [ 1  1  7  8  0  0  3 41]]"
"['smooth(5)', 'ALS(10, 0.001)', 'UMAAP(4, 15, 0.5)', 'KNN(8)', 'Not Normalized', 'No Raman Region']",0.14354066985645933,"[37.0, 6.0, 6.0, 47.0, 0.0, 3.0, 7.0, 0.0]","[19.0, 38.0, 37.0, 25.0, 30.0, 45.0, 27.0, 30.0]","['GPe', 'GPi', 'GPe', 'Thalamus', 'WM', 'GPe', 'GPe', 'GPi']","['Caudate', 'GPe', 'GPi', 'Putamen', 'SN', 'STN', 'Thalamus', 'WM']","[[51  0  5 12  0  9 31  0]
 [ 0 15 76  4 18 21  8  0]
 [10 73 11  6  7 28  7  0]
 [17  5  9 75  0  0  2  0]
 [ 1 24  9  0  7 20  0  0]
 [ 2 20 40  0 26  6 12  0]
 [51 17 17  6  0  6  9  2]
 [ 1  1  7  8  0  0  3 41]]"
"['smooth(5)', 'ALS(10, 0.001)', 'UMAAP(4, 15, 0.5)', 'KNN(8)', 'Not Normalized', 'High Wavenumbers']",0.2679425837320574,"[55.0, 26.0, 14.0, 34.0, 0.0, 0.0, 18.0, 85.0]","[22.0, 56.0, 52.0, 34.0, 39.0, 49.0, 40.0, 11.0]","['Thalamus', 'GPi', 'GPe', 'Thalamus', 'GPe', 'GPi', 'Caudate', 'Putamen']","['Caudate', 'GPe', 'GPi', 'Putamen', 'SN', 'STN', 'Thalamus', 'WM']","[[51  0  5 12  0  9 31  0]
 [ 0 15 76  4 18 21  8  0]
 [10 73 11  6  7 28  7  0]
 [17  5  9 75  0  0  2  0]
 [ 1 24  9  0  7 20  0  0]
 [ 2 20 40  0 26  6 12  0]
 [51 17 17  6  0  6  9  2]
 [ 1  1  7  8  0  0  3 41]]"
"['smooth(5)', 'BW(10, 3)', 'PCA(5)', 'KNN(8)', 'Normalized', 'FingerPrint']",0.3576555023923445,"[73.0, 11.0, 5.0, 58.0, 11.0, 16.0, 61.0, 74.0]","[19.0, 75.0, 54.0, 32.0, 75.0, 77.0, 19.0, 18.0]","['Putamen', 'GPi', 'GPe', 'Caudate', 'GPe', 'GPi', 'GPi', 'GPi']","['Caudate', 'GPe', 'GPi', 'Putamen', 'SN', 'STN', 'Thalamus', 'WM']","[[ 79   5   2  20   0   0   2   0]
 [  6  15 106   1   2   8   4   0]
 [  0  76   7   6   0  37  13   3]
 [ 35   1   6  63   1   0   2   0]
 [  0  46   3   2   7   3   0   0]
 [  0   7  82   0   0  17   0   0]
 [  7  13  21   1   0   0  66   0]
 [  0   0  11   5   0   0   0  45]]"
"['smooth(5)', 'BW(10, 3)', 'PCA(5)', 'KNN(8)', 'Normalized', 'No Raman Region']",0.13875598086124402,"[33.0, 11.0, 6.0, 26.0, 0.0, 8.0, 9.0, 16.0]","[22.0, 33.0, 42.0, 26.0, 56.0, 39.0, 40.0, 61.0]","['Putamen', 'GPi', 'GPe', 'Caudate', 'GPe', 'GPi', 'Caudate', 'GPe']","['Caudate', 'GPe', 'GPi', 'Putamen', 'SN', 'STN', 'Thalamus', 'WM']","[[ 79   5   2  20   0   0   2   0]
 [  6  15 106   1   2   8   4   0]
 [  0  76   7   6   0  37  13   3]
 [ 35   1   6  63   1   0   2   0]
 [  0  46   3   2   7   3   0   0]
 [  0   7  82   0   0  17   0   0]
 [  7  13  21   1   0   0  66   0]
 [  0   0  11   5   0   0   0  45]]"
"['smooth(5)', 'BW(10, 3)', 'PCA(5)', 'KNN(8)', 'Normalized', 'High Wavenumbers']",0.24162679425837322,"[63.0, 4.0, 4.0, 64.0, 21.0, 9.0, 29.0, 0.0]","[23.0, 63.0, 62.0, 28.0, 66.0, 45.0, 30.0, 59.0]","['Putamen', 'GPi', 'GPe', 'Caudate', 'GPe', 'GPe', 'GPi', 'Putamen']","['Caudate', 'GPe', 'GPi', 'Putamen', 'SN', 'STN', 'Thalamus', 'WM']","[[ 79   5   2  20   0   0   2   0]
 [  6  15 106   1   2   8   4   0]
 [  0  76   7   6   0  37  13   3]
 [ 35   1   6  63   1   0   2   0]
 [  0  46   3   2   7   3   0   0]
 [  0   7  82   0   0  17   0   0]
 [  7  13  21   1   0   0  66   0]
 [  0   0  11   5   0   0   0  45]]"
"['smooth(5)', 'BW(10, 3)', 'PCA(5)', 'KNN(8)', 'Not Normalized', 'FingerPrint']",0.32894736842105265,"[70.0, 3.0, 11.0, 70.0, 26.0, 4.0, 39.0, 67.0]","[11.0, 62.0, 52.0, 19.0, 28.0, 47.0, 25.0, 16.0]","['Putamen', 'GPi', 'GPe', 'Caudate', 'GPe', 'GPi', 'GPi', 'GPi']","['Caudate', 'GPe', 'GPi', 'Putamen', 'SN', 'STN', 'Thalamus', 'WM']","[[76  0  3 12  0  5 12  0]
 [ 0  4 88  3 19 24  4  0]
 [ 4 74 16  7  2 28 10  1]
 [20  3  6 76  0  0  3  0]
 [ 0 17 12  0 16 16  0  0]
 [ 3 23 50  0 24  4  2  0]
 [20 11 27  6  0  1 42  1]
 [ 0  4 10  6  0  0  0 41]]"
"['smooth(5)', 'BW(10, 3)', 'PCA(5)', 'KNN(8)', 'Not Normalized', 'No Raman Region']",0.16148325358851676,"[46.0, 12.0, 6.0, 46.0, 0.0, 5.0, 5.0, 0.0]","[19.0, 43.0, 54.0, 31.0, 33.0, 37.0, 36.0, 31.0]","['Thalamus', 'GPi', 'GPe', 'Thalamus', 'GPe', 'GPe', 'Caudate', 'GPe']","['Caudate', 'GPe', 'GPi', 'Putamen', 'SN', 'STN', 'Thalamus', 'WM']","[[76  0  3 12  0  5 12  0]
 [ 0  4 88  3 19 24  4  0]
 [ 4 74 16  7  2 28 10  1]
 [20  3  6 76  0  0  3  0]
 [ 0 17 12  0 16 16  0  0]
 [ 3 23 50  0 24  4  2  0]
 [20 11 27  6  0  1 42  1]
 [ 0  4 10  6  0  0  0 41]]"
"['smooth(5)', 'BW(10, 3)', 'PCA(5)', 'KNN(8)', 'Not Normalized', 'High Wavenumbers']",0.33253588516746413,"[63.0, 39.0, 23.0, 24.0, 5.0, 1.0, 35.0, 89.0]","[13.0, 52.0, 46.0, 29.0, 36.0, 46.0, 19.0, 7.0]","['Thalamus', 'GPi', 'GPe', 'Thalamus', 'GPe', 'GPi', 'GPe', 'Putamen']","['Caudate', 'GPe', 'GPi', 'Putamen', 'SN', 'STN', 'Thalamus', 'WM']","[[76  0  3 12  0  5 12  0]
 [ 0  4 88  3 19 24  4  0]
 [ 4 74 16  7  2 28 10  1]
 [20  3  6 76  0  0  3  0]
 [ 0 17 12  0 16 16  0  0]
 [ 3 23 50  0 24  4  2  0]
 [20 11 27  6  0  1 42  1]
 [ 0  4 10  6  0  0  0 41]]"
"['smooth(5)', 'BW(10, 3)', 'UMAAP(4, 15, 0.5)', 'KNN(8)', 'Normalized', 'FingerPrint']",0.35167464114832536,"[72.0, 8.0, 7.0, 62.0, 11.0, 12.0, 61.0, 69.0]","[17.0, 80.0, 53.0, 28.0, 82.0, 74.0, 20.0, 20.0]","['Putamen', 'GPi', 'GPe', 'Caudate', 'GPe', 'GPi', 'GPi', 'Putamen']","['Caudate', 'GPe', 'GPi', 'Putamen', 'SN', 'STN', 'Thalamus', 'WM']","[[ 78   5   2  18   0   0   5   0]
 [  4  11 113   1   0   7   6   0]
 [  0  75  10   4   0  31  18   4]
 [ 30   4   6  67   0   0   1   0]
 [  0  50   1   3   7   0   0   0]
 [  0  15  78   0   0  13   0   0]
 [  7  12  22   1   0   0  66   0]
 [  0   1   6  12   0   0   0  42]]"
"['smooth(5)', 'BW(10, 3)', 'UMAAP(4, 15, 0.5)', 'KNN(8)', 'Normalized', 'No Raman Region']",0.14114832535885166,"[38.0, 13.0, 9.0, 21.0, 0.0, 5.0, 10.0, 10.0]","[36.0, 25.0, 30.0, 55.0, 30.0, 28.0, 43.0, 56.0]","['Putamen', 'Caudate', 'GPe', 'Caudate', 'GPe', 'GPi', 'Caudate', 'GPe']","['Caudate', 'GPe', 'GPi', 'Putamen', 'SN', 'STN', 'Thalamus', 'WM']","[[ 78   5   2  18   0   0   5   0]
 [  4  11 113   1   0   7   6   0]
 [  0  75  10   4   0  31  18   4]
 [ 30   4   6  67   0   0   1   0]
 [  0  50   1   3   7   0   0   0]
 [  0  15  78   0   0  13   0   0]
 [  7  12  22   1   0   0  66   0]
 [  0   1   6  12   0   0   0  42]]"
"['smooth(5)', 'BW(10, 3)', 'UMAAP(4, 15, 0.5)', 'KNN(8)', 'Normalized', 'High Wavenumbers']",0.23205741626794257,"[52.0, 8.0, 6.0, 68.0, 18.0, 11.0, 16.0, 7.0]","[34.0, 68.0, 62.0, 20.0, 61.0, 45.0, 29.0, 80.0]","['Putamen', 'GPi', 'GPe', 'Caudate', 'GPe', 'GPi', 'STN', 'Putamen']","['Caudate', 'GPe', 'GPi', 'Putamen', 'SN', 'STN', 'Thalamus', 'WM']","[[ 78   5   2  18   0   0   5   0]
 [  4  11 113   1   0   7   6   0]
 [  0  75  10   4   0  31  18   4]
 [ 30   4   6  67   0   0   1   0]
 [  0  50   1   3   7   0   0   0]
 [  0  15  78   0   0  13   0   0]
 [  7  12  22   1   0   0  66   0]
 [  0   1   6  12   0   0   0  42]]"
"['smooth(5)', 'BW(10, 3)', 'UMAAP(4, 15, 0.5)', 'KNN(8)', 'Not Normalized', 'FingerPrint']",0.3038277511961722,"[61.0, 7.0, 10.0, 68.0, 21.0, 4.0, 31.0, 66.0]","[16.0, 53.0, 52.0, 19.0, 36.0, 43.0, 25.0, 23.0]","['Thalamus', 'GPi', 'GPe', 'Caudate', 'GPe', 'GPi', 'Caudate', 'GPi']","['Caudate', 'GPe', 'GPi', 'Putamen', 'SN', 'STN', 'Thalamus', 'WM']","[[66  0  4 14  0  7 17  0]
 [ 0 10 75  4 20 28  5  0]
 [ 4 74 14  6  8 26 10  0]
 [20  4  8 73  0  0  3  0]
 [ 0 22 12  0 13 14  0  0]
 [ 1 19 46  0 30  4  6  0]
 [27 15 20  9  0  2 34  1]
 [ 1  3 14  3  0  0  0 40]]"
"['smooth(5)', 'BW(10, 3)', 'UMAAP(4, 15, 0.5)', 'KNN(8)', 'Not Normalized', 'No Raman Region']",0.15789473684210525,"[43.0, 11.0, 7.0, 49.0, 0.0, 4.0, 2.0, 2.0]","[29.0, 35.0, 39.0, 24.0, 31.0, 36.0, 37.0, 33.0]","['Thalamus', 'GPi', 'GPe', 'Thalamus', 'STN', 'GPe', 'Caudate', 'GPi']","['Caudate', 'GPe', 'GPi', 'Putamen', 'SN', 'STN', 'Thalamus', 'WM']","[[66  0  4 14  0  7 17  0]
 [ 0 10 75  4 20 28  5  0]
 [ 4 74 14  6  8 26 10  0]
 [20  4  8 73  0  0  3  0]
 [ 0 22 12  0 13 14  0  0]
 [ 1 19 46  0 30  4  6  0]
 [27 15 20  9  0  2 34  1]
 [ 1  3 14  3  0  0  0 40]]"
"['smooth(5)', 'BW(10, 3)', 'UMAAP(4, 15, 0.5)', 'KNN(8)', 'Not Normalized', 'High Wavenumbers']",0.32894736842105265,"[61.0, 40.0, 26.0, 24.0, 0.0, 0.0, 31.0, 90.0]","[14.0, 50.0, 41.0, 31.0, 33.0, 42.0, 19.0, 5.0]","['Thalamus', 'GPi', 'GPe', 'Thalamus', 'GPe', 'GPi', 'Caudate', 'Putamen']","['Caudate', 'GPe', 'GPi', 'Putamen', 'SN', 'STN', 'Thalamus', 'WM']","[[66  0  4 14  0  7 17  0]
 [ 0 10 75  4 20 28  5  0]
 [ 4 74 14  6  8 26 10  0]
 [20  4  8 73  0  0  3  0]
 [ 0 22 12  0 13 14  0  0]
 [ 1 19 46  0 30  4  6  0]
 [27 15 20  9  0  2 34  1]
 [ 1  3 14  3  0  0  0 40]]"
"['smooth(5)', 'ORPL(40)', 'PCA(5)', 'KNN(8)', 'Normalized', 'FingerPrint']",0.3229665071770335,"[55.0, 31.0, 13.0, 47.0, 0.0, 18.0, 39.0, 59.0]","[27.0, 53.0, 45.0, 32.0, 39.0, 42.0, 19.0, 23.0]","['Thalamus', 'GPi', 'GPe', 'Caudate', 'GPe', 'GPi', 'Caudate', 'Putamen']","['Caudate', 'GPe', 'GPi', 'Putamen', 'SN', 'STN', 'Thalamus', 'WM']","[[59  2  2 10  0  6 29  0]
 [ 3 44 75  3  2 10  5  0]
 [ 3 64 19  7  1 32 15  1]
 [35 10  4 51  0  2  1  5]
 [ 1 24 20  4  0 10  0  2]
 [19 19 45  0  0 19  4  0]
 [20 19 16  2  0  8 42  1]
 [ 0  4  7 14  0  0  0 36]]"
"['smooth(5)', 'ORPL(40)', 'PCA(5)', 'KNN(8)', 'Normalized', 'No Raman Region']",0.10526315789473684,"[31.0, 14.0, 9.0, 2.0, 0.0, 8.0, 9.0, 0.0]","[18.0, 35.0, 27.0, 44.0, 39.0, 31.0, 38.0, 28.0]","['STN', 'GPi', 'GPe', 'GPe', 'GPe', 'GPe', 'Caudate', 'GPe']","['Caudate', 'GPe', 'GPi', 'Putamen', 'SN', 'STN', 'Thalamus', 'WM']","[[59  2  2 10  0  6 29  0]
 [ 3 44 75  3  2 10  5  0]
 [ 3 64 19  7  1 32 15  1]
 [35 10  4 51  0  2  1  5]
 [ 1 24 20  4  0 10  0  2]
 [19 19 45  0  0 19  4  0]
 [20 19 16  2  0  8 42  1]
 [ 0  4  7 14  0  0  0 36]]"
"['smooth(5)', 'ORPL(40)', 'PCA(5)', 'KNN(8)', 'Normalized', 'High Wavenumbers']",0.26555023923444976,"[67.0, 4.0, 12.0, 22.0, 2.0, 11.0, 40.0, 79.0]","[16.0, 65.0, 44.0, 31.0, 66.0, 37.0, 18.0, 21.0]","['Putamen', 'GPi', 'GPe', 'Caudate', 'GPe', 'GPi', 'Caudate', 'Putamen']","['Caudate', 'GPe', 'GPi', 'Putamen', 'SN', 'STN', 'Thalamus', 'WM']","[[59  2  2 10  0  6 29  0]
 [ 3 44 75  3  2 10  5  0]
 [ 3 64 19  7  1 32 15  1]
 [35 10  4 51  0  2  1  5]
 [ 1 24 20  4  0 10  0  2]
 [19 19 45  0  0 19  4  0]
 [20 19 16  2  0  8 42  1]
 [ 0  4  7 14  0  0  0 36]]"
"['smooth(5)', 'ORPL(40)', 'PCA(5)', 'KNN(8)', 'Not Normalized', 'FingerPrint']",0.24641148325358853,"[47.0, 20.0, 8.0, 45.0, 0.0, 2.0, 11.0, 85.0]","[31.0, 53.0, 50.0, 20.0, 43.0, 35.0, 48.0, 10.0]","['Thalamus', 'GPi', 'GPe', 'Thalamus', 'STN', 'GPi', 'Caudate', 'Putamen']","['Caudate', 'GPe', 'GPi', 'Putamen', 'SN', 'STN', 'Thalamus', 'WM']","[[51  0  6 10  0  7 34  0]
 [ 0 28 75  4  6 23  6  0]
 [ 5 71 12  9  9 31  5  0]
 [19 13  3 49  0  1 22  1]
 [ 0 21 11  3  0 26  0  0]
 [18 14 37  1 31  2  3  0]
 [52 15 15  4  0  8 12  2]
 [ 0  0  1  6  0  0  2 52]]"
"['smooth(5)', 'ORPL(40)', 'PCA(5)', 'KNN(8)', 'Not Normalized', 'No Raman Region']",0.15669856459330145,"[32.0, 16.0, 6.0, 47.0, 0.0, 11.0, 2.0, 0.0]","[19.0, 25.0, 39.0, 25.0, 33.0, 30.0, 38.0, 34.0]","['GPi', 'GPi', 'GPe', 'Thalamus', 'WM', 'GPi', 'Caudate', 'GPe']","['Caudate', 'GPe', 'GPi', 'Putamen', 'SN', 'STN', 'Thalamus', 'WM']","[[51  0  6 10  0  7 34  0]
 [ 0 28 75  4  6 23  6  0]
 [ 5 71 12  9  9 31  5  0]
 [19 13  3 49  0  1 22  1]
 [ 0 21 11  3  0 26  0  0]
 [18 14 37  1 31  2  3  0]
 [52 15 15  4  0  8 12  2]
 [ 0  0  1  6  0  0  2 52]]"
"['smooth(5)', 'ORPL(40)', 'PCA(5)', 'KNN(8)', 'Not Normalized', 'High Wavenumbers']",0.23684210526315788,"[59.0, 14.0, 6.0, 39.0, 5.0, 5.0, 20.0, 54.0]","[15.0, 61.0, 46.0, 28.0, 36.0, 50.0, 34.0, 20.0]","['GPi', 'GPi', 'GPe', 'Thalamus', 'GPe', 'GPi', 'Caudate', 'Putamen']","['Caudate', 'GPe', 'GPi', 'Putamen', 'SN', 'STN', 'Thalamus', 'WM']","[[51  0  6 10  0  7 34  0]
 [ 0 28 75  4  6 23  6  0]
 [ 5 71 12  9  9 31  5  0]
 [19 13  3 49  0  1 22  1]
 [ 0 21 11  3  0 26  0  0]
 [18 14 37  1 31  2  3  0]
 [52 15 15  4  0  8 12  2]
 [ 0  0  1  6  0  0  2 52]]"
"['smooth(5)', 'ORPL(40)', 'UMAAP(4, 15, 0.5)', 'KNN(8)', 'Normalized', 'FingerPrint']",0.3241626794258373,"[55.0, 18.0, 13.0, 55.0, 0.0, 34.0, 38.0, 54.0]","[25.0, 56.0, 44.0, 31.0, 44.0, 51.0, 29.0, 30.0]","['Thalamus', 'GPi', 'GPe', 'Caudate', 'GPe', 'GPi', 'Caudate', 'Putamen']","['Caudate', 'GPe', 'GPi', 'Putamen', 'SN', 'STN', 'Thalamus', 'WM']","[[59  5  1 12  0  4 27  0]
 [ 3 25 80  2  2 15 14  1]
 [ 3 62 18  5  0 38 14  2]
 [33  3  1 59  0  1  4  7]
 [ 0 27 13  4  0 15  0  2]
 [ 0 12 54  0  0 36  4  0]
 [31 22 10  2  0  1 41  1]
 [ 0  4  6 18  0  0  0 33]]"
"['smooth(5)', 'ORPL(40)', 'UMAAP(4, 15, 0.5)', 'KNN(8)', 'Normalized', 'No Raman Region']",0.11602870813397129,"[31.0, 17.0, 6.0, 4.0, 0.0, 17.0, 6.0, 5.0]","[25.0, 27.0, 32.0, 28.0, 34.0, 31.0, 38.0, 28.0]","['Thalamus', 'GPi', 'GPe', 'GPi', 'GPe', 'GPe', 'Caudate', 'GPe']","['Caudate', 'GPe', 'GPi', 'Putamen', 'SN', 'STN', 'Thalamus', 'WM']","[[59  5  1 12  0  4 27  0]
 [ 3 25 80  2  2 15 14  1]
 [ 3 62 18  5  0 38 14  2]
 [33  3  1 59  0  1  4  7]
 [ 0 27 13  4  0 15  0  2]
 [ 0 12 54  0  0 36  4  0]
 [31 22 10  2  0  1 41  1]
 [ 0  4  6 18  0  0  0 33]]"
"['smooth(5)', 'ORPL(40)', 'UMAAP(4, 15, 0.5)', 'KNN(8)', 'Normalized', 'High Wavenumbers']",0.2236842105263158,"[66.0, 3.0, 8.0, 20.0, 3.0, 12.0, 35.0, 43.0]","[18.0, 64.0, 43.0, 27.0, 57.0, 36.0, 16.0, 36.0]","['Putamen', 'GPi', 'GPe', 'Caudate', 'GPe', 'GPe', 'Caudate', 'GPi']","['Caudate', 'GPe', 'GPi', 'Putamen', 'SN', 'STN', 'Thalamus', 'WM']","[[59  5  1 12  0  4 27  0]
 [ 3 25 80  2  2 15 14  1]
 [ 3 62 18  5  0 38 14  2]
 [33  3  1 59  0  1  4  7]
 [ 0 27 13  4  0 15  0  2]
 [ 0 12 54  0  0 36  4  0]
 [31 22 10  2  0  1 41  1]
 [ 0  4  6 18  0  0  0 33]]"
"['smooth(5)', 'ORPL(40)', 'UMAAP(4, 15, 0.5)', 'KNN(8)', 'Not Normalized', 'FingerPrint']",0.23923444976076555,"[38.0, 20.0, 10.0, 44.0, 0.0, 5.0, 14.0, 82.0]","[39.0, 46.0, 49.0, 26.0, 39.0, 30.0, 42.0, 13.0]","['Thalamus', 'GPi', 'GPe', 'Thalamus', 'STN', 'GPi', 'Caudate', 'Putamen']","['Caudate', 'GPe', 'GPi', 'Putamen', 'SN', 'STN', 'Thalamus', 'WM']","[[41  0  7 11  0  7 42  0]
 [ 0 28 66  2 11 29  6  0]
 [ 6 69 14  7 12 25  9  0]
 [20  9  3 47  0  0 28  1]
 [ 1 18 15  3  0 24  0  0]
 [15 20 32  0 25  5  9  0]
 [45 25 10  6  0  5 15  2]
 [ 0  0  0  8  0  0  3 50]]"
"['smooth(5)', 'ORPL(40)', 'UMAAP(4, 15, 0.5)', 'KNN(8)', 'Not Normalized', 'No Raman Region']",0.14473684210526316,"[32.0, 13.0, 7.0, 44.0, 0.0, 5.0, 5.0, 0.0]","[22.0, 32.0, 35.0, 27.0, 31.0, 37.0, 33.0, 25.0]","['GPi', 'GPi', 'GPe', 'Thalamus', 'WM', 'GPi', 'Caudate', 'STN']","['Caudate', 'GPe', 'GPi', 'Putamen', 'SN', 'STN', 'Thalamus', 'WM']","[[41  0  7 11  0  7 42  0]
 [ 0 28 66  2 11 29  6  0]
 [ 6 69 14  7 12 25  9  0]
 [20  9  3 47  0  0 28  1]
 [ 1 18 15  3  0 24  0  0]
 [15 20 32  0 25  5  9  0]
 [45 25 10  6  0  5 15  2]
 [ 0  0  0  8  0  0  3 50]]"
"['smooth(5)', 'ORPL(40)', 'UMAAP(4, 15, 0.5)', 'KNN(8)', 'Not Normalized', 'High Wavenumbers']",0.24282296650717702,"[60.0, 17.0, 3.0, 47.0, 5.0, 8.0, 16.0, 51.0]","[16.0, 58.0, 45.0, 18.0, 36.0, 44.0, 43.0, 15.0]","['Thalamus', 'GPi', 'GPe', 'GPe', 'GPi', 'GPi', 'Caudate', 'Putamen']","['Caudate', 'GPe', 'GPi', 'Putamen', 'SN', 'STN', 'Thalamus', 'WM']","[[41  0  7 11  0  7 42  0]
 [ 0 28 66  2 11 29  6  0]
 [ 6 69 14  7 12 25  9  0]
 [20  9  3 47  0  0 28  1]
 [ 1 18 15  3  0 24  0  0]
 [15 20 32  0 25  5  9  0]
 [45 25 10  6  0  5 15  2]
 [ 0  0  0  8  0  0  3 50]]"
"['savgol(9, 3)', 'ALS(10, 0.001)', 'PCA(5)', 'KNN(8)', 'Normalized', 'FingerPrint']",0.28827751196172247,"[67.0, 9.0, 1.0, 54.0, 8.0, 16.0, 31.0, 66.0]","[14.0, 71.0, 56.0, 37.0, 67.0, 70.0, 35.0, 20.0]","['Thalamus', 'GPi', 'GPe', 'Caudate', 'GPe', 'GPi', 'Caudate', 'Putamen']","['Caudate', 'GPe', 'GPi', 'Putamen', 'SN', 'STN', 'Thalamus', 'WM']","[[ 72   3   4  14   0   0  15   0]
 [  6  13 101   2   1  13   6   0]
 [  2  80   2   5   0  39  12   2]
 [ 40   2   3  58   1   0   4   0]
 [  0  41   5   8   5   2   0   0]
 [  0  15  74   0   0  17   0   0]
 [ 38  15  20   1   0   0  34   0]
 [  0   1   8  12   0   0   0  40]]"
"['savgol(9, 3)', 'ALS(10, 0.001)', 'PCA(5)', 'KNN(8)', 'Normalized', 'No Raman Region']",0.12679425837320574,"[23.0, 11.0, 8.0, 37.0, 0.0, 6.0, 7.0, 0.0]","[25.0, 34.0, 35.0, 23.0, 38.0, 37.0, 26.0, 43.0]","['GPe', 'GPi', 'GPe', 'Caudate', 'GPe', 'GPe', 'Caudate', 'GPe']","['Caudate', 'GPe', 'GPi', 'Putamen', 'SN', 'STN', 'Thalamus', 'WM']","[[ 72   3   4  14   0   0  15   0]
 [  6  13 101   2   1  13   6   0]
 [  2  80   2   5   0  39  12   2]
 [ 40   2   3  58   1   0   4   0]
 [  0  41   5   8   5   2   0   0]
 [  0  15  74   0   0  17   0   0]
 [ 38  15  20   1   0   0  34   0]
 [  0   1   8  12   0   0   0  40]]"
"['savgol(9, 3)', 'ALS(10, 0.001)', 'PCA(5)', 'KNN(8)', 'Normalized', 'High Wavenumbers']",0.3014354066985646,"[56.0, 22.0, 9.0, 51.0, 2.0, 6.0, 31.0, 85.0]","[21.0, 52.0, 52.0, 30.0, 34.0, 42.0, 26.0, 8.0]","['Putamen', 'GPi', 'GPe', 'Caudate', 'GPe', 'GPe', 'Caudate', 'GPi']","['Caudate', 'GPe', 'GPi', 'Putamen', 'SN', 'STN', 'Thalamus', 'WM']","[[ 72   3   4  14   0   0  15   0]
 [  6  13 101   2   1  13   6   0]
 [  2  80   2   5   0  39  12   2]
 [ 40   2   3  58   1   0   4   0]
 [  0  41   5   8   5   2   0   0]
 [  0  15  74   0   0  17   0   0]
 [ 38  15  20   1   0   0  34   0]
 [  0   1   8  12   0   0   0  40]]"
"['savgol(9, 3)', 'ALS(10, 0.001)', 'PCA(5)', 'KNN(8)', 'Not Normalized', 'FingerPrint']",0.27631578947368424,"[56.0, 6.0, 11.0, 71.0, 21.0, 4.0, 13.0, 66.0]","[23.0, 56.0, 51.0, 16.0, 31.0, 44.0, 44.0, 23.0]","['Thalamus', 'GPi', 'GPe', 'Caudate', 'STN', 'GPi', 'Caudate', 'GPi']","['Caudate', 'GPe', 'GPi', 'Putamen', 'SN', 'STN', 'Thalamus', 'WM']","[[60  0  6 10  0  7 25  0]
 [ 1  8 79  4 12 31  7  0]
 [ 8 72 15  6  5 27  9  0]
 [17  4  7 77  0  0  2  1]
 [ 0 14 15  0 13 19  0  0]
 [11 24 47  0 16  4  4  0]
 [48 20 16  5  0  3 14  2]
 [ 0  0 14  5  0  0  2 40]]"
"['savgol(9, 3)', 'ALS(10, 0.001)', 'PCA(5)', 'KNN(8)', 'Not Normalized', 'No Raman Region']",0.145933014354067,"[31.0, 9.0, 8.0, 50.0, 0.0, 3.0, 6.0, 0.0]","[26.0, 39.0, 43.0, 23.0, 33.0, 41.0, 28.0, 26.0]","['GPi', 'GPi', 'GPe', 'Thalamus', 'WM', 'GPe', 'Caudate', 'SN']","['Caudate', 'GPe', 'GPi', 'Putamen', 'SN', 'STN', 'Thalamus', 'WM']","[[60  0  6 10  0  7 25  0]
 [ 1  8 79  4 12 31  7  0]
 [ 8 72 15  6  5 27  9  0]
 [17  4  7 77  0  0  2  1]
 [ 0 14 15  0 13 19  0  0]
 [11 24 47  0 16  4  4  0]
 [48 20 16  5  0  3 14  2]
 [ 0  0 14  5  0  0  2 40]]"
"['savgol(9, 3)', 'ALS(10, 0.001)', 'PCA(5)', 'KNN(8)', 'Not Normalized', 'High Wavenumbers']",0.2679425837320574,"[57.0, 27.0, 11.0, 33.0, 0.0, 0.0, 17.0, 89.0]","[21.0, 53.0, 56.0, 35.0, 41.0, 42.0, 42.0, 8.0]","['Thalamus', 'GPi', 'GPe', 'Thalamus', 'GPe', 'GPi', 'Caudate', 'Putamen']","['Caudate', 'GPe', 'GPi', 'Putamen', 'SN', 'STN', 'Thalamus', 'WM']","[[60  0  6 10  0  7 25  0]
 [ 1  8 79  4 12 31  7  0]
 [ 8 72 15  6  5 27  9  0]
 [17  4  7 77  0  0  2  1]
 [ 0 14 15  0 13 19  0  0]
 [11 24 47  0 16  4  4  0]
 [48 20 16  5  0  3 14  2]
 [ 0  0 14  5  0  0  2 40]]"
"['savgol(9, 3)', 'ALS(10, 0.001)', 'UMAAP(4, 15, 0.5)', 'KNN(8)', 'Normalized', 'FingerPrint']",0.3062200956937799,"[58.0, 11.0, 7.0, 69.0, 3.0, 16.0, 31.0, 67.0]","[21.0, 70.0, 54.0, 25.0, 64.0, 61.0, 35.0, 15.0]","['Putamen', 'GPi', 'GPe', 'Caudate', 'GPe', 'GPi', 'Caudate', 'GPi']","['Caudate', 'GPe', 'GPi', 'Putamen', 'SN', 'STN', 'Thalamus', 'WM']","[[ 63   5   6  23   0   0  11   0]
 [  5  15 100   0   0  10  12   0]
 [  1  76  10   4   0  31  16   4]
 [ 27   1   4  75   0   0   1   0]
 [  0  39   9   9   2   2   0   0]
 [  0  23  65   0   0  17   1   0]
 [ 38  18  15   4   0   0  33   0]
 [  4   0   9   7   0   0   0  41]]"
"['savgol(9, 3)', 'ALS(10, 0.001)', 'UMAAP(4, 15, 0.5)', 'KNN(8)', 'Normalized', 'No Raman Region']",0.09210526315789473,"[27.0, 11.0, 4.0, 17.0, 2.0, 2.0, 6.0, 0.0]","[28.0, 25.0, 30.0, 37.0, 31.0, 35.0, 43.0, 28.0]","['Putamen', 'Caudate', 'GPe', 'Caudate', 'Caudate', 'GPe', 'Caudate', 'GPe']","['Caudate', 'GPe', 'GPi', 'Putamen', 'SN', 'STN', 'Thalamus', 'WM']","[[ 63   5   6  23   0   0  11   0]
 [  5  15 100   0   0  10  12   0]
 [  1  76  10   4   0  31  16   4]
 [ 27   1   4  75   0   0   1   0]
 [  0  39   9   9   2   2   0   0]
 [  0  23  65   0   0  17   1   0]
 [ 38  18  15   4   0   0  33   0]
 [  4   0   9   7   0   0   0  41]]"
"['savgol(9, 3)', 'ALS(10, 0.001)', 'UMAAP(4, 15, 0.5)', 'KNN(8)', 'Normalized', 'High Wavenumbers']",0.2966507177033493,"[49.0, 15.0, 8.0, 64.0, 0.0, 16.0, 21.0, 85.0]","[29.0, 58.0, 49.0, 21.0, 38.0, 38.0, 27.0, 7.0]","['Putamen', 'GPi', 'GPe', 'Caudate', 'GPe', 'GPe', 'Caudate', 'Putamen']","['Caudate', 'GPe', 'GPi', 'Putamen', 'SN', 'STN', 'Thalamus', 'WM']","[[ 63   5   6  23   0   0  11   0]
 [  5  15 100   0   0  10  12   0]
 [  1  76  10   4   0  31  16   4]
 [ 27   1   4  75   0   0   1   0]
 [  0  39   9   9   2   2   0   0]
 [  0  23  65   0   0  17   1   0]
 [ 38  18  15   4   0   0  33   0]
 [  4   0   9   7   0   0   0  41]]"
"['savgol(9, 3)', 'ALS(10, 0.001)', 'UMAAP(4, 15, 0.5)', 'KNN(8)', 'Not Normalized', 'FingerPrint']",0.2595693779904306,"[48.0, 11.0, 8.0, 69.0, 13.0, 5.0, 6.0, 70.0]","[28.0, 49.0, 51.0, 16.0, 36.0, 38.0, 51.0, 11.0]","['Thalamus', 'GPi', 'GPe', 'Caudate', 'STN', 'GPi', 'Caudate', 'GPi']","['Caudate', 'GPe', 'GPi', 'Putamen', 'SN', 'STN', 'Thalamus', 'WM']","[[52  0  8 10  0  8 30  0]
 [ 0 15 70  3 17 29  8  0]
 [ 5 72 12  7  8 29  9  0]
 [17  9  7 75  0  0  0  0]
 [ 0 20 11  0  8 22  0  0]
 [ 3 17 40  0 30  5 11  0]
 [55 17 18  6  0  4  7  1]
 [ 3  1  7  5  0  0  2 43]]"
"['savgol(9, 3)', 'ALS(10, 0.001)', 'UMAAP(4, 15, 0.5)', 'KNN(8)', 'Not Normalized', 'No Raman Region']",0.13995215311004786,"[31.0, 11.0, 6.0, 46.0, 0.0, 2.0, 6.0, 0.0]","[18.0, 29.0, 31.0, 27.0, 30.0, 36.0, 28.0, 25.0]","['Thalamus', 'GPi', 'GPe', 'Thalamus', 'WM', 'GPe', 'Caudate', 'SN']","['Caudate', 'GPe', 'GPi', 'Putamen', 'SN', 'STN', 'Thalamus', 'WM']","[[52  0  8 10  0  8 30  0]
 [ 0 15 70  3 17 29  8  0]
 [ 5 72 12  7  8 29  9  0]
 [17  9  7 75  0  0  0  0]
 [ 0 20 11  0  8 22  0  0]
 [ 3 17 40  0 30  5 11  0]
 [55 17 18  6  0  4  7  1]
 [ 3  1  7  5  0  0  2 43]]"
"['savgol(9, 3)', 'ALS(10, 0.001)', 'UMAAP(4, 15, 0.5)', 'KNN(8)', 'Not Normalized', 'High Wavenumbers']",0.27751196172248804,"[56.0, 30.0, 13.0, 34.0, 0.0, 0.0, 23.0, 82.0]","[22.0, 53.0, 54.0, 35.0, 41.0, 47.0, 32.0, 13.0]","['Thalamus', 'GPi', 'GPe', 'Thalamus', 'GPe', 'GPi', 'Caudate', 'Putamen']","['Caudate', 'GPe', 'GPi', 'Putamen', 'SN', 'STN', 'Thalamus', 'WM']","[[52  0  8 10  0  8 30  0]
 [ 0 15 70  3 17 29  8  0]
 [ 5 72 12  7  8 29  9  0]
 [17  9  7 75  0  0  0  0]
 [ 0 20 11  0  8 22  0  0]
 [ 3 17 40  0 30  5 11  0]
 [55 17 18  6  0  4  7  1]
 [ 3  1  7  5  0  0  2 43]]"
"['savgol(9, 3)', 'BW(10, 3)', 'PCA(5)', 'KNN(8)', 'Normalized', 'FingerPrint']",0.35645933014354064,"[74.0, 11.0, 4.0, 58.0, 10.0, 17.0, 61.0, 72.0]","[18.0, 75.0, 54.0, 33.0, 74.0, 79.0, 21.0, 18.0]","['Putamen', 'GPi', 'GPe', 'Caudate', 'GPe', 'GPi', 'GPi', 'GPi']","['Caudate', 'GPe', 'GPi', 'Putamen', 'SN', 'STN', 'Thalamus', 'WM']","[[ 80   4   2  19   0   0   3   0]
 [  6  15 106   1   2   9   3   0]
 [  0  76   6   6   0  38  13   3]
 [ 36   1   5  63   1   0   2   0]
 [  0  45   3   3   6   4   0   0]
 [  0   4  84   0   0  18   0   0]
 [  7  11  23   1   0   0  66   0]
 [  0   0  11   6   0   0   0  44]]"
"['savgol(9, 3)', 'BW(10, 3)', 'PCA(5)', 'KNN(8)', 'Normalized', 'No Raman Region']",0.13995215311004786,"[39.0, 6.0, 7.0, 28.0, 2.0, 8.0, 11.0, 10.0]","[20.0, 35.0, 43.0, 19.0, 43.0, 39.0, 38.0, 56.0]","['Putamen', 'GPi', 'GPe', 'Caudate', 'GPe', 'GPe', 'Caudate', 'GPe']","['Caudate', 'GPe', 'GPi', 'Putamen', 'SN', 'STN', 'Thalamus', 'WM']","[[ 80   4   2  19   0   0   3   0]
 [  6  15 106   1   2   9   3   0]
 [  0  76   6   6   0  38  13   3]
 [ 36   1   5  63   1   0   2   0]
 [  0  45   3   3   6   4   0   0]
 [  0   4  84   0   0  18   0   0]
 [  7  11  23   1   0   0  66   0]
 [  0   0  11   6   0   0   0  44]]"
"['savgol(9, 3)', 'BW(10, 3)', 'PCA(5)', 'KNN(8)', 'Normalized', 'High Wavenumbers']",0.23564593301435408,"[64.0, 5.0, 2.0, 62.0, 18.0, 9.0, 27.0, 2.0]","[22.0, 65.0, 64.0, 27.0, 67.0, 45.0, 27.0, 57.0]","['Putamen', 'GPi', 'GPe', 'Caudate', 'GPe', 'GPe', 'GPi', 'Putamen']","['Caudate', 'GPe', 'GPi', 'Putamen', 'SN', 'STN', 'Thalamus', 'WM']","[[ 80   4   2  19   0   0   3   0]
 [  6  15 106   1   2   9   3   0]
 [  0  76   6   6   0  38  13   3]
 [ 36   1   5  63   1   0   2   0]
 [  0  45   3   3   6   4   0   0]
 [  0   4  84   0   0  18   0   0]
 [  7  11  23   1   0   0  66   0]
 [  0   0  11   6   0   0   0  44]]"
"['savgol(9, 3)', 'BW(10, 3)', 'PCA(5)', 'KNN(8)', 'Not Normalized', 'FingerPrint']",0.32894736842105265,"[70.0, 4.0, 11.0, 70.0, 30.0, 4.0, 37.0, 66.0]","[11.0, 62.0, 53.0, 19.0, 28.0, 47.0, 25.0, 18.0]","['Putamen', 'GPi', 'GPe', 'Caudate', 'GPe', 'GPi', 'GPi', 'GPi']","['Caudate', 'GPe', 'GPi', 'Putamen', 'SN', 'STN', 'Thalamus', 'WM']","[[76  0  3 12  0  5 12  0]
 [ 0  5 88  3 17 25  4  0]
 [ 4 75 16  7  1 28 10  1]
 [20  4  5 76  0  0  3  0]
 [ 0 17 10  0 18 16  0  0]
 [ 5 26 50  0 19  4  2  0]
 [22 12 27  6  0  0 40  1]
 [ 0  4 11  6  0  0  0 40]]"
"['savgol(9, 3)', 'BW(10, 3)', 'PCA(5)', 'KNN(8)', 'Not Normalized', 'No Raman Region']",0.1674641148325359,"[44.0, 14.0, 11.0, 45.0, 2.0, 4.0, 4.0, 0.0]","[17.0, 37.0, 46.0, 31.0, 30.0, 42.0, 42.0, 34.0]","['Thalamus', 'GPi', 'GPe', 'Thalamus', 'GPe', 'GPe', 'Caudate', 'GPe']","['Caudate', 'GPe', 'GPi', 'Putamen', 'SN', 'STN', 'Thalamus', 'WM']","[[76  0  3 12  0  5 12  0]
 [ 0  5 88  3 17 25  4  0]
 [ 4 75 16  7  1 28 10  1]
 [20  4  5 76  0  0  3  0]
 [ 0 17 10  0 18 16  0  0]
 [ 5 26 50  0 19  4  2  0]
 [22 12 27  6  0  0 40  1]
 [ 0  4 11  6  0  0  0 40]]"
"['savgol(9, 3)', 'BW(10, 3)', 'PCA(5)', 'KNN(8)', 'Not Normalized', 'High Wavenumbers']",0.33373205741626794,"[65.0, 39.0, 20.0, 26.0, 5.0, 1.0, 37.0, 89.0]","[11.0, 51.0, 49.0, 31.0, 36.0, 50.0, 18.0, 8.0]","['Thalamus', 'GPi', 'GPe', 'Thalamus', 'GPe', 'GPi', 'Caudate', 'Putamen']","['Caudate', 'GPe', 'GPi', 'Putamen', 'SN', 'STN', 'Thalamus', 'WM']","[[76  0  3 12  0  5 12  0]
 [ 0  5 88  3 17 25  4  0]
 [ 4 75 16  7  1 28 10  1]
 [20  4  5 76  0  0  3  0]
 [ 0 17 10  0 18 16  0  0]
 [ 5 26 50  0 19  4  2  0]
 [22 12 27  6  0  0 40  1]
 [ 0  4 11  6  0  0  0 40]]"
"['savgol(9, 3)', 'BW(10, 3)', 'UMAAP(4, 15, 0.5)', 'KNN(8)', 'Normalized', 'FingerPrint']",0.36483253588516745,"[69.0, 10.0, 8.0, 63.0, 13.0, 20.0, 60.0, 69.0]","[19.0, 77.0, 53.0, 26.0, 80.0, 65.0, 19.0, 21.0]","['Putamen', 'GPi', 'GPe', 'Caudate', 'GPe', 'GPi', 'GPi', 'Putamen']","['Caudate', 'GPe', 'GPi', 'Putamen', 'SN', 'STN', 'Thalamus', 'WM']","[[ 75   5   2  20   0   0   6   0]
 [  4  14 109   1   0   8   6   0]
 [  1  75  12   5   0  30  16   3]
 [ 28   4   6  68   0   0   2   0]
 [  0  49   2   2   8   0   0   0]
 [  0  16  69   0   0  21   0   0]
 [  8  13  21   1   0   0  65   0]
 [  0   0   6  13   0   0   0  42]]"
"['savgol(9, 3)', 'BW(10, 3)', 'UMAAP(4, 15, 0.5)', 'KNN(8)', 'Normalized', 'No Raman Region']",0.11602870813397129,"[45.0, 9.0, 8.0, 7.0, 0.0, 1.0, 8.0, 10.0]","[19.0, 31.0, 23.0, 55.0, 30.0, 34.0, 60.0, 39.0]","['Putamen', 'GPi', 'GPe', 'Caudate', 'GPi', 'GPe', 'Caudate', 'GPi']","['Caudate', 'GPe', 'GPi', 'Putamen', 'SN', 'STN', 'Thalamus', 'WM']","[[ 75   5   2  20   0   0   6   0]
 [  4  14 109   1   0   8   6   0]
 [  1  75  12   5   0  30  16   3]
 [ 28   4   6  68   0   0   2   0]
 [  0  49   2   2   8   0   0   0]
 [  0  16  69   0   0  21   0   0]
 [  8  13  21   1   0   0  65   0]
 [  0   0   6  13   0   0   0  42]]"
"['savgol(9, 3)', 'BW(10, 3)', 'UMAAP(4, 15, 0.5)', 'KNN(8)', 'Normalized', 'High Wavenumbers']",0.24043062200956938,"[48.0, 11.0, 2.0, 70.0, 20.0, 14.0, 18.0, 15.0]","[34.0, 68.0, 65.0, 18.0, 59.0, 51.0, 27.0, 49.0]","['Putamen', 'GPi', 'GPe', 'Caudate', 'GPe', 'GPe', 'GPi', 'Putamen']","['Caudate', 'GPe', 'GPi', 'Putamen', 'SN', 'STN', 'Thalamus', 'WM']","[[ 75   5   2  20   0   0   6   0]
 [  4  14 109   1   0   8   6   0]
 [  1  75  12   5   0  30  16   3]
 [ 28   4   6  68   0   0   2   0]
 [  0  49   2   2   8   0   0   0]
 [  0  16  69   0   0  21   0   0]
 [  8  13  21   1   0   0  65   0]
 [  0   0   6  13   0   0   0  42]]"
"['savgol(9, 3)', 'BW(10, 3)', 'UMAAP(4, 15, 0.5)', 'KNN(8)', 'Not Normalized', 'FingerPrint']",0.30741626794258375,"[63.0, 5.0, 11.0, 69.0, 23.0, 7.0, 29.0, 66.0]","[15.0, 54.0, 52.0, 19.0, 33.0, 39.0, 28.0, 20.0]","['Thalamus', 'GPi', 'GPe', 'Caudate', 'GPe', 'GPi', 'Caudate', 'GPe']","['Caudate', 'GPe', 'GPi', 'Putamen', 'SN', 'STN', 'Thalamus', 'WM']","[[68  0  4 13  0  7 16  0]
 [ 0  7 77  4 18 30  6  0]
 [ 4 74 15  5  8 25 11  0]
 [20  4  6 75  0  0  3  0]
 [ 0 20 13  0 14 14  0  0]
 [ 1 20 41  0 31  7  6  0]
 [30 17 21  7  0  1 31  1]
 [ 1 12  5  3  0  0  0 40]]"
"['savgol(9, 3)', 'BW(10, 3)', 'UMAAP(4, 15, 0.5)', 'KNN(8)', 'Not Normalized', 'No Raman Region']",0.17105263157894737,"[42.0, 11.0, 6.0, 56.0, 0.0, 6.0, 7.0, 0.0]","[25.0, 36.0, 36.0, 16.0, 38.0, 39.0, 41.0, 30.0]","['Thalamus', 'GPi', 'GPe', 'Thalamus', 'STN', 'GPe', 'Caudate', 'SN']","['Caudate', 'GPe', 'GPi', 'Putamen', 'SN', 'STN', 'Thalamus', 'WM']","[[68  0  4 13  0  7 16  0]
 [ 0  7 77  4 18 30  6  0]
 [ 4 74 15  5  8 25 11  0]
 [20  4  6 75  0  0  3  0]
 [ 0 20 13  0 14 14  0  0]
 [ 1 20 41  0 31  7  6  0]
 [30 17 21  7  0  1 31  1]
 [ 1 12  5  3  0  0  0 40]]"
"['savgol(9, 3)', 'BW(10, 3)', 'UMAAP(4, 15, 0.5)', 'KNN(8)', 'Not Normalized', 'High Wavenumbers']",0.3277511961722488,"[62.0, 40.0, 25.0, 23.0, 0.0, 0.0, 31.0, 92.0]","[14.0, 50.0, 42.0, 31.0, 36.0, 40.0, 21.0, 5.0]","['Thalamus', 'GPi', 'GPe', 'Thalamus', 'GPe', 'GPi', 'Caudate', 'Thalamus']","['Caudate', 'GPe', 'GPi', 'Putamen', 'SN', 'STN', 'Thalamus', 'WM']","[[68  0  4 13  0  7 16  0]
 [ 0  7 77  4 18 30  6  0]
 [ 4 74 15  5  8 25 11  0]
 [20  4  6 75  0  0  3  0]
 [ 0 20 13  0 14 14  0  0]
 [ 1 20 41  0 31  7  6  0]
 [30 17 21  7  0  1 31  1]
 [ 1 12  5  3  0  0  0 40]]"
"['savgol(9, 3)', 'ORPL(40)', 'PCA(5)', 'KNN(8)', 'Normalized', 'FingerPrint']",0.3038277511961722,"[56.0, 24.0, 10.0, 49.0, 0.0, 17.0, 36.0, 59.0]","[28.0, 55.0, 47.0, 30.0, 41.0, 50.0, 25.0, 25.0]","['Thalamus', 'GPi', 'GPe', 'Caudate', 'GPe', 'GPi', 'Caudate', 'Putamen']","['Caudate', 'GPe', 'GPi', 'Putamen', 'SN', 'STN', 'Thalamus', 'WM']","[[60  2  4 10  0  2 30  0]
 [ 5 34 78  2  5 14  3  1]
 [ 2 67 14  5  1 35 17  1]
 [32  8  1 53  0  2  5  7]
 [ 0 25 15  7  0 13  0  1]
 [14 17 53  0  0 18  4  0]
 [27 16 16  6  0  3 39  1]
 [ 0  7  3 15  0  0  0 36]]"
"['savgol(9, 3)', 'ORPL(40)', 'PCA(5)', 'KNN(8)', 'Normalized', 'No Raman Region']",0.09330143540669857,"[30.0, 14.0, 5.0, 1.0, 0.0, 8.0, 7.0, 2.0]","[20.0, 22.0, 35.0, 42.0, 30.0, 31.0, 31.0, 26.0]","['Thalamus', 'GPi', 'GPe', 'GPe', 'GPe', 'GPe', 'Caudate', 'GPe']","['Caudate', 'GPe', 'GPi', 'Putamen', 'SN', 'STN', 'Thalamus', 'WM']","[[60  2  4 10  0  2 30  0]
 [ 5 34 78  2  5 14  3  1]
 [ 2 67 14  5  1 35 17  1]
 [32  8  1 53  0  2  5  7]
 [ 0 25 15  7  0 13  0  1]
 [14 17 53  0  0 18  4  0]
 [27 16 16  6  0  3 39  1]
 [ 0  7  3 15  0  0  0 36]]"
"['savgol(9, 3)', 'ORPL(40)', 'PCA(5)', 'KNN(8)', 'Normalized', 'High Wavenumbers']",0.2703349282296651,"[64.0, 7.0, 15.0, 19.0, 5.0, 20.0, 34.0, 72.0]","[16.0, 61.0, 39.0, 36.0, 48.0, 39.0, 23.0, 23.0]","['Putamen', 'GPi', 'GPe', 'Caudate', 'GPe', 'GPi', 'Caudate', 'Putamen']","['Caudate', 'GPe', 'GPi', 'Putamen', 'SN', 'STN', 'Thalamus', 'WM']","[[60  2  4 10  0  2 30  0]
 [ 5 34 78  2  5 14  3  1]
 [ 2 67 14  5  1 35 17  1]
 [32  8  1 53  0  2  5  7]
 [ 0 25 15  7  0 13  0  1]
 [14 17 53  0  0 18  4  0]
 [27 16 16  6  0  3 39  1]
 [ 0  7  3 15  0  0  0 36]]"
"['savgol(9, 3)', 'ORPL(40)', 'PCA(5)', 'KNN(8)', 'Not Normalized', 'FingerPrint']",0.2751196172248804,"[48.0, 23.0, 7.0, 52.0, 0.0, 3.0, 25.0, 80.0]","[29.0, 49.0, 54.0, 18.0, 43.0, 35.0, 31.0, 13.0]","['Thalamus', 'GPi', 'GPe', 'Caudate', 'STN', 'GPi', 'Caudate', 'Putamen']","['Caudate', 'GPe', 'GPi', 'Putamen', 'SN', 'STN', 'Thalamus', 'WM']","[[52  0  8  9  0  8 31  0]
 [ 0 33 69  3  7 25  5  0]
 [ 3 77 10  9  7 30  5  1]
 [19 12  3 56  0  0 16  2]
 [ 0 19 14  2  0 26  0  0]
 [13 17 37  1 30  3  5  0]
 [34 12 19  3  0 10 27  3]
 [ 1  0  1  8  0  0  2 49]]"
"['savgol(9, 3)', 'ORPL(40)', 'PCA(5)', 'KNN(8)', 'Not Normalized', 'No Raman Region']",0.14952153110047847,"[31.0, 20.0, 5.0, 43.0, 2.0, 5.0, 5.0, 0.0]","[26.0, 31.0, 33.0, 26.0, 25.0, 28.0, 36.0, 26.0]","['GPi', 'GPi', 'GPe', 'Thalamus', 'WM', 'GPe', 'Caudate', 'STN']","['Caudate', 'GPe', 'GPi', 'Putamen', 'SN', 'STN', 'Thalamus', 'WM']","[[52  0  8  9  0  8 31  0]
 [ 0 33 69  3  7 25  5  0]
 [ 3 77 10  9  7 30  5  1]
 [19 12  3 56  0  0 16  2]
 [ 0 19 14  2  0 26  0  0]
 [13 17 37  1 30  3  5  0]
 [34 12 19  3  0 10 27  3]
 [ 1  0  1  8  0  0  2 49]]"
"['savgol(9, 3)', 'ORPL(40)', 'PCA(5)', 'KNN(8)', 'Not Normalized', 'High Wavenumbers']",0.21052631578947367,"[58.0, 11.0, 5.0, 40.0, 3.0, 4.0, 10.0, 51.0]","[15.0, 63.0, 46.0, 23.0, 41.0, 51.0, 44.0, 20.0]","['Thalamus', 'GPi', 'GPe', 'Thalamus', 'GPi', 'GPi', 'Caudate', 'Putamen']","['Caudate', 'GPe', 'GPi', 'Putamen', 'SN', 'STN', 'Thalamus', 'WM']","[[52  0  8  9  0  8 31  0]
 [ 0 33 69  3  7 25  5  0]
 [ 3 77 10  9  7 30  5  1]
 [19 12  3 56  0  0 16  2]
 [ 0 19 14  2  0 26  0  0]
 [13 17 37  1 30  3  5  0]
 [34 12 19  3  0 10 27  3]
 [ 1  0  1  8  0  0  2 49]]"
"['savgol(9, 3)', 'ORPL(40)', 'UMAAP(4, 15, 0.5)', 'KNN(8)', 'Normalized', 'FingerPrint']",0.29545454545454547,"[56.0, 18.0, 11.0, 48.0, 0.0, 20.0, 31.0, 61.0]","[20.0, 56.0, 42.0, 35.0, 38.0, 56.0, 32.0, 21.0]","['Thalamus', 'GPi', 'GPe', 'Caudate', 'GPe', 'GPi', 'Caudate', 'Putamen']","['Caudate', 'GPe', 'GPi', 'Putamen', 'SN', 'STN', 'Thalamus', 'WM']","[[61  5  2 16  0  2 22  0]
 [ 3 26 80  2  3 15 12  1]
 [ 2 59 16  6  0 37 20  2]
 [38  6  1 52  0  0  4  7]
 [ 2 23 11 10  0 14  0  1]
 [ 5 18 59  1  0 21  2  0]
 [35 19 13  2  0  4 34  1]
 [ 0  4  7 13  0  0  0 37]]"
"['savgol(9, 3)', 'ORPL(40)', 'UMAAP(4, 15, 0.5)', 'KNN(8)', 'Normalized', 'No Raman Region']",0.10885167464114832,"[35.0, 10.0, 6.0, 5.0, 2.0, 17.0, 5.0, 2.0]","[17.0, 32.0, 30.0, 31.0, 30.0, 38.0, 37.0, 33.0]","['Thalamus', 'GPi', 'GPe', 'GPe', 'Caudate', 'GPe', 'Caudate', 'Caudate']","['Caudate', 'GPe', 'GPi', 'Putamen', 'SN', 'STN', 'Thalamus', 'WM']","[[61  5  2 16  0  2 22  0]
 [ 3 26 80  2  3 15 12  1]
 [ 2 59 16  6  0 37 20  2]
 [38  6  1 52  0  0  4  7]
 [ 2 23 11 10  0 14  0  1]
 [ 5 18 59  1  0 21  2  0]
 [35 19 13  2  0  4 34  1]
 [ 0  4  7 13  0  0  0 37]]"
"['savgol(9, 3)', 'ORPL(40)', 'UMAAP(4, 15, 0.5)', 'KNN(8)', 'Normalized', 'High Wavenumbers']",0.2452153110047847,"[63.0, 4.0, 13.0, 11.0, 3.0, 19.0, 31.0, 74.0]","[14.0, 58.0, 37.0, 35.0, 43.0, 36.0, 19.0, 21.0]","['Putamen', 'GPi', 'GPe', 'Caudate', 'GPe', 'GPi', 'GPi', 'Putamen']","['Caudate', 'GPe', 'GPi', 'Putamen', 'SN', 'STN', 'Thalamus', 'WM']","[[61  5  2 16  0  2 22  0]
 [ 3 26 80  2  3 15 12  1]
 [ 2 59 16  6  0 37 20  2]
 [38  6  1 52  0  0  4  7]
 [ 2 23 11 10  0 14  0  1]
 [ 5 18 59  1  0 21  2  0]
 [35 19 13  2  0  4 34  1]
 [ 0  4  7 13  0  0  0 37]]"
"['savgol(9, 3)', 'ORPL(40)', 'UMAAP(4, 15, 0.5)', 'KNN(8)', 'Not Normalized', 'FingerPrint']",0.25,"[43.0, 18.0, 11.0, 48.0, 0.0, 3.0, 16.0, 82.0]","[32.0, 47.0, 51.0, 18.0, 41.0, 38.0, 39.0, 11.0]","['Thalamus', 'GPi', 'GPe', 'Caudate', 'STN', 'GPi', 'Caudate', 'Putamen']","['Caudate', 'GPe', 'GPi', 'Putamen', 'SN', 'STN', 'Thalamus', 'WM']","[[46  0  8 12  0  7 35  0]
 [ 0 26 67  2  9 30  8  0]
 [ 8 72 15  8  7 25  7  0]
 [19 15  2 52  0  2 17  1]
 [ 0 17 16  3  0 25  0  0]
 [ 4 21 40  0 23  3 15  0]
 [42 16 12  8  0 11 17  2]
 [ 1  0  1  7  0  0  2 50]]"
"['savgol(9, 3)', 'ORPL(40)', 'UMAAP(4, 15, 0.5)', 'KNN(8)', 'Not Normalized', 'No Raman Region']",0.13995215311004786,"[39.0, 11.0, 8.0, 38.0, 3.0, 2.0, 3.0, 0.0]","[20.0, 37.0, 28.0, 21.0, 30.0, 45.0, 38.0, 31.0]","['GPi', 'GPi', 'GPe', 'Thalamus', 'WM', 'GPi', 'Caudate', 'GPi']","['Caudate', 'GPe', 'GPi', 'Putamen', 'SN', 'STN', 'Thalamus', 'WM']","[[46  0  8 12  0  7 35  0]
 [ 0 26 67  2  9 30  8  0]
 [ 8 72 15  8  7 25  7  0]
 [19 15  2 52  0  2 17  1]
 [ 0 17 16  3  0 25  0  0]
 [ 4 21 40  0 23  3 15  0]
 [42 16 12  8  0 11 17  2]
 [ 1  0  1  7  0  0  2 50]]"
"['savgol(9, 3)', 'ORPL(40)', 'UMAAP(4, 15, 0.5)', 'KNN(8)', 'Not Normalized', 'High Wavenumbers']",0.19976076555023922,"[53.0, 11.0, 4.0, 41.0, 8.0, 4.0, 6.0, 51.0]","[25.0, 56.0, 44.0, 19.0, 38.0, 52.0, 48.0, 20.0]","['Thalamus', 'GPi', 'GPe', 'Thalamus', 'STN', 'GPi', 'Caudate', 'GPi']","['Caudate', 'GPe', 'GPi', 'Putamen', 'SN', 'STN', 'Thalamus', 'WM']","[[46  0  8 12  0  7 35  0]
 [ 0 26 67  2  9 30  8  0]
 [ 8 72 15  8  7 25  7  0]
 [19 15  2 52  0  2 17  1]
 [ 0 17 16  3  0 25  0  0]
 [ 4 21 40  0 23  3 15  0]
 [42 16 12  8  0 11 17  2]
 [ 1  0  1  7  0  0  2 50]]"
